{
    "Version": "3.7.9", 
    "ScreenshotData": {
        "Cell_Field_CellField_2D_XY_0": {
            "Plot": {
                "PlotName": "Cell_Field", 
                "PlotType": "CellField"
            }, 
            "Dimension": "2D", 
            "Projection": {
                "ProjectionPlane": "XY", 
                "ProjectionPosition": 0
            }, 
            "CameraClippingRange": {
                "Max": "277.303156968", 
                "Min": "270.473029949"
            }, 
            "CameraFocalPoint": {
                "y": "50.0", 
                "x": "50.0", 
                "z": "0.0"
            }, 
            "CameraPosition": {
                "y": "50.0", 
                "x": "50.0", 
                "z": "273.205080757"
            }, 
            "CameraViewUp": {
                "y": "1.0", 
                "x": "0.0", 
                "z": "0.0"
            }, 
            "Size": {
                "Width": 600, 
                "Height": 600
            }, 
            "CellBorders": true, 
            "Cells": true, 
            "ClusterBorders": false, 
            "CellGlyphs": false, 
            "FPPLinks": false, 
            "BoundingBox": true, 
            "LatticeAxes": true, 
            "LatticeAxesLabels": true, 
            "TypesInvisible": [
                0
            ], 
            "metadata": {
                "BorderColor": [
                    0, 
                    0, 
                    0, 
                    255
                ], 
                "BoundingBoxColor": [
                    255, 
                    255, 
                    255, 
                    255
                ], 
                "ContourColor": [
                    255, 
                    255, 
                    255, 
                    255
                ], 
                "AxesColor": [
                    255, 
                    255, 
                    255, 
                    255
                ], 
                "TypeColorMap": {
                    "0": [
                        0, 
                        0, 
                        0, 
                        255
                    ], 
                    "1": [
                        170, 
                        255, 
                        0, 
                        255
                    ], 
                    "2": [
                        0, 
                        0, 
                        255, 
                        255
                    ], 
                    "3": [
                        255, 
                        0, 
                        0, 
                        255
                    ], 
                    "4": [
                        255, 
                        255, 
                        0, 
                        255
                    ], 
                    "5": [
                        128, 
                        128, 
                        0, 
                        255
                    ], 
                    "6": [
                        192, 
                        192, 
                        192, 
                        255
                    ], 
                    "7": [
                        170, 
                        255, 
                        127, 
                        255
                    ], 
                    "8": [
                        0, 
                        255, 
                        255, 
                        255
                    ], 
                    "9": [
                        0, 
                        128, 
                        0, 
                        255
                    ], 
                    "10": [
                        255, 
                        255, 
                        255, 
                        255
                    ]
                }, 
                "ShowHorizontalAxesLabels": true, 
                "ShowVerticalAxesLabels": true, 
                "FPPLinksColor": [
                    255, 
                    255, 
                    255, 
                    255
                ], 
                "ClusterBorderColor": [
                    0, 
                    0, 
                    255, 
                    255
                ], 
                "WindowColor": [
                    0, 
                    0, 
                    0, 
                    255
                ]
            }
        }
    }
}