<ParameterScan version="3.7.0">
   <OutputDirectory>cancol2_PS_C-Co1_Rhalf_Ydouble_5</OutputDirectory>
   <ParameterList Resource="Simulation/cancol2.xml">
      <Parameter CurrentIteration="8" Name="Energy" Type="XML_CDATA" ValueType="float">
         [['CompuCell3D','Revision','20190430','Version','3.7.9'],['Plugin','Name','Contact'],['Energy','Type1','C1','Type2','Cancer2']]
         <Values>91.975,91.976,91.977,91.978,91.979,91.98,91.981,91.982,91.983,91.984,91.985,91.986,91.987,91.988,91.989,91.99,91.991,91.992,91.993,91.994,91.995,91.996,91.997,91.998,91.999,92.0,92.001,92.002,92.003,92.004,92.005,92.006,92.007,92.008,92.009,92.01,92.011,92.012,92.013,92.014,92.015,92.016,92.017,92.018,92.019,92.02,92.021,92.022,92.023,92.024,92.025</Values>
      </Parameter>
   </ParameterList>
</ParameterScan>
